{"cameraMode":{"drawMode":0,"name":"Shaded","section":"Shading Mode"},"sceneLighting":true,"audioPlay":false,"sceneViewState":{"showFog":true,"showMaterialUpdate":false,"showSkybox":true,"showFlares":true,"showImageEffects":true,"showParticleSystems":true},"in2DMode":false,"pivot":{"x":3056.6357421875,"y":-6715.21728515625,"z":17501.208984375},"rotation":{"x":-0.1932782679796219,"y":-0.054816633462905887,"z":0.01081695593893528,"w":-0.9795555472373962},"size":19981.66796875,"orthographic":false}