{"cameraMode":{"drawMode":0,"name":"Shaded","section":"Shading Mode"},"sceneLighting":true,"audioPlay":false,"sceneViewState":{"showFog":true,"showMaterialUpdate":false,"showSkybox":false,"showFlares":true,"showImageEffects":true,"showParticleSystems":true},"in2DMode":false,"pivot":{"x":55.86296463012695,"y":38.18584060668945,"z":-866.1439819335938},"rotation":{"x":0.0912872850894928,"y":-0.046601418405771258,"z":0.004166354425251484,"w":0.9948205351829529},"size":60.02481460571289,"orthographic":false}